observation_date,Interest_Rates,10Y_minus_2Y_Treasury_Constant_Maturity,Corporate_Bond_Yield,CPI,Deficit_%_GDP,Durable_Good_Orders,GDP,PPI,M2_Money_Stocks,Business_Inventories,Unemployment_Rate,observation_date,Jobless_Claims,Business_Confidence_Index,Consumer_Confidence_Index,Credit_Conditions_Subindex,Crude_Oil_Prices,Housing_Starts,Volatility_Index,observation_date,Capacity_Utilization_Rate,Industrial_Production_Index,Labor_Force_Participation,Total_Retail_Sales,Total_Jobs
1976-10-01,4.87,1.43,,3.0,-2.9170525,,6451.177,3.51171,1943.0,,7.7,1976-10-01,392154,7.0,87.90978260869565,-1.56955,13.9,1629,,1976-10-01,80.9266,44.56,61.6,,79911.0
1977-01-01,4.66,1.31,,2.9,-2.5775,,6527.703,4.8414,1985.0,,7.5,1977-01-01,404077,9.6,87.06630434782608,-1.73878,13.9,1527,,1977-01-01,81.9391,45.4156,61.6,,80690.0
1977-04-01,5.16,1.41,,3.9,-2.562325,,6654.466,7.09571,1999.3,,7.2,1977-04-01,369462,13.8,89.15505617977529,-1.64696,13.9,1892,,1977-04-01,83.8333,47.1719,62.1,,81728.0
1977-07-01,5.82,1.06,,3.8,-2.54715,,6774.457,5.68182,2017.6,,6.9,1977-07-01,365462,15.4,89.40434782608696,-1.30813,13.9,2058,,1977-07-01,84.0382,47.9714,62.1,,82834.0
1977-10-01,6.51,0.42,,3.7,-2.531975,,6774.592,5.97738,2035.7,,6.8,1977-10-01,357643,10.8,85.95,-1.0982,14.85,2042,,1977-10-01,83.8411,48.2839,62.4,,83800.0
1978-01-01,6.76,0.47,,4.0,-2.5168,,6796.26,6.36943,2041.0,,6.4,1978-01-01,361083,14.8,83.7,-0.36324,14.85,1718,,1978-01-01,82.8849,47.7512,62.8,,84594.0
1978-04-01,7.28,0.41,,3.9,-2.2751225,,7058.92,6.31741,2035.1,,6.1,1978-04-01,325769,15.4,81.6,0.06779,14.85,2197,,1978-04-01,85.5183,49.9074,63.0,,86162.0
1978-07-01,8.09,0.15,,4.7,-2.033445,,7129.915,8.14132,2021.5,,6.2,1978-07-01,339929,24.4,82.4,0.26667,14.85,2092,,1978-07-01,85.5628,50.4371,63.2,,87204.0
1978-10-01,9.58,-0.21,,5.5,-1.7917675,,7225.75,9.45122,2015.4,,5.8,1978-10-01,339462,20.2,79.3,0.5091,14.85,1981,,1978-10-01,86.3582,51.1523,63.3,,87956.0
1979-01-01,10.07,-0.76,,5.8,-1.55009,,7238.727,10.47904,2002.3,,5.9,1979-01-01,358000,17.0,72.1,0.6906,14.85,1630,,1979-01-01,86.065,51.525,63.6,,88808.0
1979-04-01,10.18,-0.6,,6.7,-1.8085425,,7246.454,11.44928,1986.0,,5.8,1979-04-01,373385,12.4,66.0,0.98737,15.85,1748,,1979-04-01,85.1806,51.3251,63.5,,89417.0
1979-07-01,10.94,-0.19,,7.5,-2.066995,,7300.281,12.5,1965.5,,5.7,1979-07-01,386231,2.6,60.4,1.43591,21.75,1760,,1979-07-01,84.2881,51.7029,63.6,,90217.0
1979-10-01,13.58,-1.19,,8.1,-2.3254475,,7318.535,14.3454,1942.0,,6.0,1979-10-01,415615,-2.0,62.1,1.83758,29.0,1681,,1979-10-01,84.0443,51.7175,63.7,,90481.0
1980-01-01,15.07,-0.7,,9.5,-2.5839,,7341.557,15.44715,1900.9,,6.3,1980-01-01,422923,-7.599999999999999,67.0,2.37933,32.5,1341,,1980-01-01,83.8941,51.944,64.0,,90800.0
1980-04-01,12.67,-1.03,,10.3,-2.5535075,,7190.289,14.17425,1856.9,,6.9,1980-04-01,586615,-25.2,52.7,3.20167,39.5,1051,,1980-04-01,79.8992,50.7197,63.8,,90849.0
1980-07-01,9.82,1.22,,9.6,-2.523115,,7181.743,14.01515,1871.1,,7.8,1980-07-01,523769,-30.0,62.3,1.83475,39.5,1269,,1980-07-01,78.1646,48.4907,63.8,,89840.0
1980-10-01,15.85,-0.34,,9.5,-2.4927225,,7315.677,13.03289,1871.1,,7.5,1980-10-01,419615,11.0,75.0,2.167,36.0,1523,,1980-10-01,80.7126,50.0861,63.7,,90490.0
1981-01-01,16.6,-0.69,,9.2,-2.46233,,7459.022,11.73709,1842.8,,7.5,1981-01-01,416154,-1.6,71.4,2.6637,38.0,1547,,1981-01-01,80.3913,50.9328,63.9,,91033.0
1981-04-01,17.79,-0.47,,8.2,-2.8035725,,7403.745,11.61731,1862.2,,7.2,1981-04-01,419615,3.2,72.4,2.56568,38.0,1360,,1981-04-01,80.0991,50.7661,64.2,,91283.0
1981-07-01,17.59,-1.07,,8.9,-3.1448150000000004,,7492.405,9.63455,1838.1,,7.2,1981-07-01,451308,-6.6,74.1,2.78306,36.0,1041,,1981-07-01,80.2781,51.6555,63.8,,91601.0
1981-10-01,13.59,-0.39,,8.7,-3.4860575000000003,,7410.768,6.57328,1843.5,,7.9,1981-10-01,516538,-20.0,70.3,3.25762,35.0,873,,1981-10-01,77.9184,50.9463,63.8,,91380.0
1982-01-01,14.21,0.03,,7.2,-3.8273,,7295.631,4.72689,1875.4,,8.6,1982-01-01,541308,-23.6,71.0,3.20247,33.85,843,,1982-01-01,75.8154,48.7877,63.7,,90565.0
1982-04-01,14.51,-0.33,,5.9,-4.300027500000001,,7328.912,1.63265,1898.8,,9.3,1982-04-01,589615,-24.4,65.5,3.10064,33.45,917,,1982-04-01,74.4429,48.9913,63.9,,90150.0
1982-07-01,11.01,0.15,,6.0,-4.772755,,7300.896,1.41414,1878.5,,9.8,1982-07-01,618538,-23.2,65.4,2.87402,34.16,1166,,1982-07-01,73.0408,48.3775,64.0,,89521.0
1982-10-01,9.28,0.72,,4.7,-5.2454825,,7303.817,1.31446,1905.9,,10.4,1982-10-01,594923,-21.2,73.4,2.14768,35.68,1173,,1982-10-01,71.441,47.3575,64.1,,88907.0
1983-01-01,8.66,1.13,,3.5,-5.71821,,7400.066,0.5015,2001.4,,10.4,1983-01-01,490846,-8.0,70.4,1.10065,31.19,1586,,1983-01-01,72.1084,47.7398,63.9,,88990.0
1983-04-01,8.8,0.83,,3.8,-5.4364075,,7568.456,0.80321,2053.2,,10.2,1983-04-01,471462,8.4,89.1,0.36637,30.61,1472,,1983-04-01,73.6494,48.4483,63.8,,89364.0
1983-07-01,9.46,0.69,,2.3,-5.154605,,7719.746,0.89641,2068.9,,9.4,1983-07-01,416769,27.2,92.8,0.23199,31.66,1785,,1983-07-01,76.0852,49.7739,64.1,,90437.0
1983-10-01,9.43,0.97,,2.7,-4.872802500000001,,7880.794,1.99601,2082.5,,8.8,1983-10-01,387500,28.8,89.3,0.32633,30.41,1715,,1983-10-01,77.9201,51.4902,64.0,,91520.0
1984-01-01,9.69,1.03,,4.2,-4.591,,8034.847,2.69461,2094.2,,8.0,1984-01-01,345385,21.0,100.1,-0.03594,29.69,1897,,1984-01-01,79.9392,53.0088,63.9,,92673.0
1984-04-01,10.55,0.95,,4.5,-4.666510000000001,,8173.67,3.58566,2121.7,,7.7,1984-04-01,363462,22.0,96.1,-0.12747,30.618,1851,,1984-04-01,80.7784,53.8233,64.3,,93792.0
1984-07-01,11.39,0.48,,4.3,-4.74202,,8252.465,2.86278,2135.9,,7.5,1984-07-01,382846,12.2,96.6,0.41209,28.752,1732,,1984-07-01,80.8314,54.4587,64.6,,94789.0
1984-10-01,9.26,0.56,,4.3,-4.81753,,8320.199,1.17417,2149.3,,7.4,1984-10-01,402538,1.6,96.3,0.35372,28.765,1590,,1984-10-01,80.3168,54.3474,64.4,,95629.0
1985-01-01,8.48,1.45,,3.6,-4.89304,,8400.82,0.48591,2206.6,,7.3,1985-01-01,381077,0.6,96.0,-0.02331,25.641,1711,,1985-01-01,80.0095,54.527,64.7,,96372.0
1985-04-01,7.92,1.35,,3.7,-4.8774475,,8474.787,-0.67308,2220.0,,7.3,1985-04-01,394308,-3.6,94.6,0.06922,28.805,1821,,1985-04-01,79.4986,54.6467,64.9,,97038.0
1985-07-01,7.9,1.53,,3.6,-4.861855,,8604.22,-0.95969,2255.8,,7.4,1985-07-01,397615,-4.2,94.0,-0.29663,27.329,1684,,1985-07-01,78.8594,54.4365,64.7,,97648.0
1985-10-01,8.1,1.37,,3.4,-4.8462625,,8668.188,-0.48356,2274.7,,7.1,1985-10-01,394692,1.8,88.4,-0.34824,29.538,1834,,1985-10-01,78.8469,54.6228,65.0,,98233.0
1986-01-01,7.83,1.05,,4.2,-4.83067,,8749.127,-0.19342,2276.7,,6.7,1986-01-01,373154,2.4,95.6,-0.47259,22.945,1972,,1986-01-01,78.9457,55.6453,64.9,,98732.0
1986-04-01,6.92,0.6,,1.7,-4.3939775,,8788.524,-3.5818,2353.1,,7.1,1986-04-01,381154,-0.6,96.2,-0.56607,12.847,1933,,1986-04-01,78.172,54.935,65.1,,99121.0
1986-07-01,6.21,0.64,,1.8,-3.957285,,8872.601,-3.68217,2398.7,,7.0,1986-07-01,389769,-4.0,97.7,-0.42554,11.575,1782,,1986-07-01,78.2021,55.167,65.4,,99473.0
1986-10-01,6.27,1.15,,1.7,-3.5205925,,8920.193,-3.10982,2438.7,,7.0,1986-10-01,367846,2.4,95.6,-0.31707,14.852,1681,,1986-10-01,78.7782,55.4589,65.4,,100121.0
1987-01-01,6.22,0.86,,1.5,-3.0839,,8986.367,-2.61628,2463.1,,6.6,1987-01-01,342769,9.8,90.4,-0.1554,18.656,1774,,1987-01-01,79.4448,55.9911,65.4,,100678.0
1987-04-01,6.65,1.0,,4.0,-3.0537825,,9083.256,2.30924,2455.8,,6.3,1987-04-01,329923,11.0,92.8,-0.26653,18.643,1614,,1987-04-01,80.4457,57.185,65.4,,101499.0
1987-07-01,6.84,1.0,,4.3,-3.023665,,9162.024,4.12475,2442.0,,6.1,1987-07-01,318769,15.0,93.7,-0.29355,21.355,1575,,1987-07-01,81.5375,58.2421,65.6,,102247.0
1987-10-01,6.92,1.12,,4.8,-2.9935475,,9319.332,4.41324,2447.7,,6.0,1987-10-01,307846,21.4,89.3,-0.11627,19.848,1515,,1987-10-01,83.1255,59.7008,65.7,,103138.0
1988-01-01,6.67,1.04,,4.6,-2.96343,,9367.502,4.0796,2454.7,,5.7,1988-01-01,321154,15.0,90.8,-0.06244,17.16,1271,,1988-01-01,83.6413,60.309,65.8,,103753.0
1988-04-01,7.15,1.13,,4.5,-2.898975,,9490.594,3.82728,2483.5,,5.4,1988-04-01,311462,11.6,91.2,-0.15432,17.875,1573,,1988-04-01,84.2229,61.108,65.8,,104732.0
1988-07-01,7.98,0.78,,4.7,-2.83452,,9546.206,4.25121,2487.1,,5.4,1988-07-01,314231,16.4,93.4,-0.15842,15.498,1467,,1988-07-01,84.4013,61.171,65.9,,105550.0
1988-10-01,8.47,0.44,,4.9,-2.770065,,9673.405,3.93852,2473.1,,5.4,1988-10-01,291786,11.0,94.1,-0.01129,13.798,1522,,1988-10-01,84.8028,61.5488,66.0,,106276.0
1989-01-01,9.45,-0.08,,5.2,-2.70561,,9771.725,5.64054,2468.4,,5.4,1989-01-01,305167,9.4,97.9,0.12696,17.983,1621,,1989-01-01,84.8817,62.1677,66.5,,107161.0
1989-04-01,9.73,-0.28,,5.9,-2.9558825,,9846.293,6.14367,2441.9,,5.2,1989-04-01,322231,4.4,91.5,0.30393,21.04,1339,,1989-04-01,84.1117,62.0289,66.4,,107791.0
1989-07-01,9.08,0.2,,6.0,-3.206155,,9919.228,4.54124,2451.7,,5.2,1989-07-01,337571,-8.199999999999998,92.0,0.4107,19.644,1427,,1989-07-01,83.0423,61.0896,66.5,,108069.0
1989-10-01,8.61,0.03,,5.5,-3.4564275,,9938.767,4.25139,2483.3,,5.3,1989-10-01,352000,-6.4,93.9,0.5897,20.091,1410,,1989-10-01,82.7612,61.4014,66.5,,108476.0
1990-01-01,8.25,0.12,,6.3,-3.7067,,10047.386,3.9819,2483.8,,5.4,1990-01-01,354077,-5.6,93.0,0.71856,22.641,1551,22.17,1990-01-01,82.7599,61.6352,66.8,,109196.0
1990-04-01,8.24,0.06,,5.8,-3.8730425,,10083.855,1.60285,2483.8,,5.4,1990-04-01,360000,-0.5,93.9,0.76762,18.582,1248,18.72,1990-04-01,82.7825,62.3511,66.6,,109674.0
1990-07-01,8.16,0.31,,6.0,-4.039385,,10090.569,1.50709,2470.9,,5.5,1990-07-01,382692,-6.8,88.2,0.88579,18.638,1171,25.2,1990-07-01,82.6474,62.6435,66.5,,109815.0
1990-10-01,7.74,0.84,,8.0,-4.2057275,,9998.704,7.0922,2443.3,,5.9,1990-10-01,443308,-13.6,63.9,1.30265,35.922,1014,26.11,1990-10-01,81.0212,62.4973,66.4,,109377.0
1991-01-01,6.43,0.97,,7.2,-4.37207,,9951.916,3.56832,2440.8,,6.4,1991-01-01,476000,-21.6,66.8,1.0968,24.959,798,22.52,1991-01-01,79.2415,61.0842,66.2,,109058.0
1991-04-01,5.86,1.09,,6.2,-4.392189999999999,,10029.51,1.66521,2466.6,,6.7,1991-04-01,446154,-14.4,81.8,0.57565,20.823,1001,17.15,1991-04-01,79.4862,60.4524,66.4,,108350.0
1991-07-01,5.65,1.36,,5.7,-4.41231,,10080.195,1.39738,2464.1,,6.8,1991-07-01,425308,1.2,82.9,0.41748,21.42,1063,16.63,1991-07-01,80.3995,61.7201,66.1,,108290.0
1991-10-01,4.82,1.62,,3.8,-4.43243,,10115.329,-3.64238,2449.1,,7.0,1991-10-01,441923,6.2,78.3,0.28133,23.228,1079,17.46,1991-10-01,80.2662,62.1718,66.1,,108361.0
1992-01-01,4.02,2.07,,3.6,-4.45255,,10236.435,-2.85714,2444.8,808292.0,7.3,1992-01-01,437308,-5.4,67.5,0.05931,18.82,1176,17.56,1992-01-01,79.7454,61.4823,66.3,118651.0,108365.0
1992-04-01,3.77,2.14,,4.3,-4.269095,124375.0,10347.429,0.25862,2438.8,815453.0,7.4,1992-04-01,418077,5.2,77.2,-0.12453,20.243,1099,15.62,1992-04-01,80.6717,62.9199,66.5,118156.0,108517.0
1992-07-01,3.26,2.49,,4.3,-4.08564,121237.0,10449.673,1.55039,2415.6,825098.0,7.7,1992-07-01,421154,7.8,76.6,-0.13814,21.759,1139,13.9,1992-07-01,80.7599,63.7348,66.7,119044.0,108792.0
1992-10-01,3.03,2.51,,4.5,-3.902185,125282.0,10558.648,1.46048,2416.2,827914.0,7.3,1992-10-01,361077,0.6,73.3,-0.12533,21.688,1244,14.76,1992-10-01,81.0784,64.0178,66.2,120413.0,109138.0
1993-01-01,3.04,2.21,,4.5,-3.71873,125751.0,10576.275,2.07612,2394.3,835983.0,7.3,1993-01-01,345000,11.6,89.3,-0.17667,19.075,1210,13.26,1993-01-01,81.3865,64.6135,66.2,122625.0,109790.0
1993-04-01,3.0,2.13,,4.4,-3.48611,128045.0,10637.847,2.57954,2372.3,846782.0,7.1,1993-04-01,346769,0.4,85.6,-0.30378,20.27,1258,12.97,1993-04-01,81.1756,65.0423,66.1,122913.0,110300.0
1993-07-01,3.06,1.73,,4.0,-3.25349,128241.0,10688.606,1.10263,2382.0,849450.0,6.9,1993-07-01,344154,0.4,77.0,-0.34562,17.866,1254,12.12,1993-07-01,81.1059,65.1142,66.4,125082.0,111054.0
1993-10-01,2.99,1.46,,3.9,-3.02087,132375.0,10833.987,0.84674,2374.1,855322.0,6.8,1993-10-01,338846,6.8,82.7,-0.37293,18.145,1392,12.42,1993-10-01,81.9118,65.863,66.3,125607.0,111734.0
1994-01-01,3.21,1.61,,3.5,-2.78825,137396.0,10939.116,0.9322,2375.2,863021.0,6.6,1994-01-01,348692,12.0,94.3,-0.55614,15.0,1272,13.44,1994-01-01,82.3474,66.7591,66.6,126550.0,112601.0
1994-04-01,3.94,1.42,,3.4,-2.6276975,142676.0,11087.361,0.33529,2365.0,871989.0,6.4,1994-04-01,347385,14.8,92.6,-0.43007,16.38,1465,14.51,1994-04-01,83.1582,67.8707,66.5,130190.0,113589.0
1994-07-01,4.49,1.17,,3.9,-2.4671450000000004,145461.0,11152.176,1.25839,2350.5,894473.0,6.1,1994-07-01,336692,17.0,89.0,-0.37045,19.65,1439,12.52,1994-07-01,83.4397,68.7317,66.4,130555.0,114608.0
1994-10-01,5.17,1.02,,3.8,-2.3065925000000003,150691.0,11279.932,1.51134,2332.2,913439.0,5.8,1994-10-01,328214,18.8,92.7,-0.29619,17.71,1450,15.27,1994-10-01,84.3084,69.9576,66.7,133582.0,115457.0
1995-01-01,5.8,0.27,,4.2,-2.14604,152401.0,11319.951,3.1906,2320.5,935639.0,5.6,1995-01-01,337167,14.8,97.6,-0.17866,17.99,1407,11.99,1995-01-01,84.3568,71.2635,66.8,133936.0,116505.0
1995-04-01,6.02,0.49,,4.6,-1.94221,151430.0,11353.721,4.09357,2305.1,959239.0,5.8,1995-04-01,361308,3.0,92.5,-0.21902,19.87,1267,12.19,1995-04-01,83.7756,71.1538,66.9,132432.0,117065.0
1995-07-01,5.8,0.5,,4.2,-1.73838,154487.0,11450.31,3.8111,2337.7,972934.0,5.7,1995-07-01,363714,1.4,94.4,-0.23723,17.3,1461,12.47,1995-07-01,83.6795,71.4334,66.6,134286.0,117382.0
1995-10-01,5.72,0.35,,4.1,-1.53455,158299.0,11528.067,3.63937,2354.0,984223.0,5.5,1995-10-01,370692,-6.6,90.2,-0.18808,17.44,1369,12.9,1995-10-01,83.358,72.5336,66.6,134317.0,118026.0
1996-01-01,5.37,0.54,,4.2,-1.33072,157185.0,11614.418,2.76648,2358.0,990730.0,5.6,1996-01-01,379769,-9.0,89.3,-0.25193,18.88,1467,15.4,1996-01-01,82.8385,72.5712,66.4,134906.0,118317.0
1996-04-01,5.24,0.55,,4.3,-1.0618225,161977.0,11808.14,2.24719,2368.8,992111.0,5.6,1996-04-01,348154,-1.4,92.7,-0.29629,23.57,1516,16.37,1996-04-01,83.4664,74.2491,66.7,137525.0,119158.0
1996-07-01,5.31,0.6,,4.4,-0.792925,162113.0,11914.063,2.15483,2380.3,997782.0,5.5,1996-07-01,336769,-0.6,94.7,-0.34098,21.32,1472,16.78,1996-07-01,83.3845,75.3738,66.9,137791.0,120019.0
1996-10-01,5.28,0.62,,4.7,-0.5240275000000001,166127.0,12037.775,2.15483,2384.8,1004389.0,5.2,1996-10-01,342462,1.0,96.5,-0.31584,24.9,1392,17.21,1996-10-01,83.3399,76.2157,67.0,139735.0,120665.0
1997-01-01,5.28,0.57,,4.7,-0.25513,166539.0,12115.472,2.692,2405.6,1007785.0,5.3,1997-01-01,325846,7.599999999999999,97.4,-0.23787,25.17,1355,19.92,1997-01-01,83.6826,77.5135,67.0,140201.0,121357.0
1997-04-01,5.52,0.44,,3.8,-0.000265,172489.0,12317.221,-0.31397,2424.6,1014611.0,5.1,1997-04-01,325308,7.4,101.4,-0.21452,19.72,1492,19.92,1997-04-01,83.5696,78.9848,67.1,140472.0,122288.0
1997-07-01,5.53,0.33,,3.4,0.2546,177999.0,12471.01,-0.85938,2446.3,1026787.0,4.9,1997-07-01,322538,15.4,107.1,-0.23497,19.63,1437,22.45,1997-07-01,84.0684,80.4666,67.2,142583.0,123114.0
1997-10-01,5.51,0.26,,3.3,0.5094650000000001,180919.0,12577.495,-0.15625,2472.0,1038283.0,4.7,1997-10-01,312769,12.8,105.6,-0.18086,21.26,1520,27.09,1997-10-01,84.5931,82.7656,67.1,142313.0,123924.0
1998-01-01,5.52,0.19,,2.6,0.76433,177481.0,12703.742,-3.31534,2503.8,1048304.0,4.6,1998-01-01,318615,7.599999999999999,106.6,-0.22308,16.71,1525,21.32,1998-01-01,83.8877,84.1564,67.1,142955.0,124806.0
1998-04-01,5.5,0.07,,2.3,0.8992975,177913.0,12821.339,-1.65354,2552.5,1062401.0,4.3,1998-04-01,319385,4.4,108.7,-0.17868,15.44,1540,21.53,1998-04-01,82.8594,84.6339,67.0,145491.0,125446.0
1998-07-01,5.53,0.0,,2.8,1.034265,176971.0,12982.752,-1.57604,2575.9,1064039.0,4.5,1998-07-01,316231,-1.6,105.2,-0.01772,14.08,1698,29.75,1998-07-01,82.1056,84.3445,67.0,145472.0,126211.0
1998-10-01,4.86,0.44,,2.4,1.1692325,179784.0,13191.67,-2.9734,2628.4,1073223.0,4.5,1998-10-01,313923,-2.6,97.4,0.18724,14.39,1715,29.54,1998-10-01,82.0549,86.591,67.2,147986.0,126948.0
1999-01-01,4.73,0.11,,2.7,1.3042,185587.0,13315.597,-1.99362,2673.3,1077080.0,4.3,1999-01-01,311385,1.2,103.9,-0.0316,12.47,1748,27.25,1999-01-01,81.9072,87.2205,67.2,149889.0,127699.0
1999-04-01,4.75,0.21,,3.7,1.554295,183849.0,13426.748,-1.04083,2689.2,1092918.0,4.3,1999-04-01,301385,4.6,104.6,-0.08848,17.34,1553,24.4,1999-04-01,81.7259,88.1082,67.1,152186.0,128596.0
1999-07-01,5.1,0.24,,3.5,1.80439,189136.0,13604.771,0.64051,2720.7,1104062.0,4.3,1999-07-01,293154,7.2,106.0,-0.03849,20.07,1669,23.32,1999-07-01,81.5718,89.1098,67.1,154443.0,129421.0
1999-10-01,5.3,0.25,,4.2,2.054485,192496.0,13827.98,2.98387,2732.1,1115766.0,4.1,1999-10-01,284077,14.4,103.2,0.03367,22.64,1608,22.66,1999-10-01,82.1437,90.2709,67.0,155751.0,130178.0
2000-01-01,5.68,0.22,,4.6,2.30458,192467.0,13878.147,4.39382,2757.0,1140023.0,4.0,2000-01-01,285846,13.4,112.0,0.03005,27.18,1636,23.15,2000-01-01,82.1072,91.4092,67.3,158325.0,131011.0
2000-04-01,6.27,-0.41,,5.0,2.031395,201132.0,14130.908,5.74434,2789.8,1157552.0,3.8,2000-04-01,280846,9.4,109.2,0.1346,25.74,1626,24.92,2000-04-01,82.2761,92.6659,67.3,158599.0,131883.0
2000-07-01,6.52,-0.29,,6.0,1.75821,192647.0,14145.312,6.36436,2774.3,1175374.0,4.0,2000-07-01,301929,5.0,108.3,0.1805,29.77,1463,19.17,2000-07-01,81.4061,92.8373,66.9,157863.0,132228.0
2000-10-01,6.47,-0.17,,5.8,1.485025,188070.0,14229.765,6.02976,2801.3,1189920.0,3.9,2000-10-01,328538,-2.6,105.8,0.40919,33.08,1549,26.02,2000-10-01,80.3854,92.64,66.8,159245.0,132352.0
2001-01-01,5.6,0.4,,6.3,1.21184,179847.0,14183.12,9.11925,2835.1,1197945.0,4.2,2001-01-01,367769,-17.2,94.7,0.46467,29.58,1600,25.73,2001-01-01,78.6272,91.8908,67.2,158789.0,132703.0
2001-04-01,4.33,0.91,,5.5,0.5480125,175316.0,14271.694,4.36113,2913.4,1184434.0,4.4,2001-04-01,396231,-13.8,88.4,0.25432,27.41,1649,23.92,2001-04-01,76.9291,90.7384,66.9,159188.0,132457.0
2001-07-01,3.5,1.2,,4.7,-0.115815,168245.0,14214.516,-0.22438,2937.0,1165045.0,4.6,2001-07-01,412231,-10.6,92.4,0.22863,26.45,1670,25.38,2001-07-01,75.2728,89.2352,66.8,157556.0,132171.0
2001-10-01,2.13,1.84,,3.7,-0.7796425,166882.0,14253.574,-3.76662,3009.0,1139077.0,5.3,2001-10-01,445923,-19.0,82.7,0.33925,22.21,1540,27.91,2001-10-01,73.9587,88.4051,66.7,165845.0,131452.0
2002-01-01,1.73,2.01,,2.1,-1.44347,167861.0,14372.785,-8.21429,3073.2,1117388.0,5.7,2002-01-01,408231,-1.8,93.0,0.171,19.67,1698,21.36,2002-01-01,74.1248,88.4634,66.5,159543.0,130859.0
2002-04-01,1.75,1.79,,2.9,-1.90656,169925.0,14460.848,-4.10557,3068.8,1106806.0,5.9,2002-04-01,406846,8.8,93.0,0.01908,26.27,1592,21.64,2002-04-01,75.0518,89.5507,66.7,161089.0,130615.0
2002-07-01,1.74,2.1,,2.6,-2.36965,172749.0,14519.633,-1.64918,3109.0,1119258.0,5.8,2002-07-01,396154,2.4,88.1,0.18021,26.94,1655,35.07,2002-07-01,75.4436,90.6436,66.5,161325.0,130583.0
2002-10-01,1.44,2.03,,3.6,-2.8327400000000003,167706.0,14537.58,2.22563,3149.7,1130630.0,5.7,2002-10-01,403692,0.0,80.6,0.18738,28.85,1648,30.73,2002-10-01,75.4359,90.3988,66.6,159810.0,130617.0
2003-01-01,1.25,2.31,,4.9,-3.29583,172117.0,14614.141,5.29183,3183.1,1139589.0,5.8,2003-01-01,412385,5.6,82.4,0.04756,32.94,1853,30.02,2003-01-01,75.9953,91.1369,66.4,161691.0,130573.0
2003-04-01,1.25,2.34,,3.9,-3.316435,171465.0,14743.567,4.58716,3223.6,1150317.0,6.0,2003-04-01,427077,-7.0,86.0,-0.04646,28.25,1643,21.53,2003-04-01,75.5162,90.4311,66.4,161354.0,130172.0
2003-07-01,1.02,2.5,,3.7,-3.33704,175018.0,14988.782,4.95427,3293.1,1139701.0,6.2,2003-07-01,402231,4.6,90.9,-0.15156,30.76,1897,19.32,2003-07-01,76.0819,90.9869,66.2,164805.0,130184.0
2003-10-01,1.0,2.54,,3.7,-3.357645,182301.0,15162.76,4.57958,3283.0,1143104.0,6.0,2003-10-01,367385,14.4,89.6,-0.22687,30.33,1967,17.43,2003-10-01,76.8539,91.5049,66.1,164851.0,130440.0
2004-01-01,1.0,2.39,,3.7,-3.37825,183742.0,15248.68,4.5085,3264.7,1148368.0,5.7,2004-01-01,354769,25.8,103.8,-0.31085,34.27,1911,16.66,2004-01-01,77.436,92.3268,66.1,165998.0,130756.0
2004-04-01,1.01,2.28,,4.2,-3.14405,184489.0,15366.85,5.84795,3308.0,1176070.0,5.6,2004-04-01,343846,26.0,94.2,-0.31428,36.69,2003,16.21,2004-04-01,77.9207,92.8957,65.9,167296.0,131412.0
2004-07-01,1.43,1.86,,5.4,-2.90985,186336.0,15512.619,7.0443,3327.0,1207045.0,5.5,2004-07-01,340538,23.0,96.7,-0.25766,40.69,2002,15.44,2004-07-01,78.3778,93.5502,66.1,168455.0,131853.0
2004-10-01,1.95,1.51,,5.9,-2.67565,190437.0,15670.88,7.68126,3343.8,1225082.0,5.5,2004-10-01,329692,13.6,91.7,-0.25057,53.13,2072,13.65,2004-10-01,79.4377,94.5695,65.9,171247.0,132431.0
2005-01-01,2.47,1.0,,5.3,-2.44145,192653.0,15844.727,6.71853,3356.5,1252502.0,5.3,2005-01-01,330154,12.6,95.5,-0.24358,46.84,2144,12.79,2005-01-01,80.3838,95.8785,65.8,171553.0,132781.0
2005-04-01,2.94,0.69,,6.3,-2.2801825,203830.0,15922.782,7.0442,3336.1,1274847.0,5.2,2005-04-01,325154,7.599999999999999,87.7,-0.14562,53.04,2061,13.41,2005-04-01,80.5729,96.6347,66.1,173765.0,133519.0
2005-07-01,3.46,0.31,,5.8,-2.1189150000000003,201104.0,16047.587,6.03799,3357.5,1270200.0,5.0,2005-07-01,339692,12.8,96.5,-0.12942,58.7,2054,12.25,2005-07-01,79.9063,96.8397,66.1,177822.0,134300.0
2005-10-01,3.98,0.19,,8.3,-1.9576475,217378.0,16136.734,10.8,3337.1,1291339.0,5.0,2005-10-01,329429,16.2,74.2,-0.1571,62.37,2065,12.78,2005-10-01,80.283,96.4411,66.1,172826.0,134643.0
2006-01-01,4.45,0.02,,7.7,-1.79638,218822.0,16353.835,8.88005,3377.0,1323295.0,4.7,2006-01-01,296083,9.6,91.2,-0.15911,65.51,2273,12.04,2006-01-01,80.6832,98.127,66.0,179293.0,135426.0
2006-04-01,4.91,0.1,,7.0,-1.62485,217221.0,16396.151,6.0,3391.6,1348410.0,4.7,2006-04-01,313154,11.8,87.4,-0.1685,69.69,1821,14.53,2006-04-01,80.7679,98.6826,66.1,178088.0,136208.0
2006-07-01,5.25,-0.03,,8.0,-1.4533200000000002,218223.0,16420.738,6.71785,3397.7,1381022.0,4.7,2006-07-01,316571,6.8,84.7,-0.1171,74.41,1737,13.61,2006-07-01,80.6186,98.9751,66.1,176937.0,136529.0
2006-10-01,5.24,-0.07,,2.8,-1.28179,223668.0,16561.866,-2.40674,3468.1,1401743.0,4.4,2006-10-01,322077,2.2,93.6,-0.07875,58.88,1491,11.03,2006-10-01,80.2667,99.1229,66.2,177544.0,136846.0
2007-01-01,5.25,-0.12,,4.137,-1.11026,224486.0,16611.69,-0.18259,3499.1,1412583.0,4.6,2007-01-01,315923,-1.4,96.9,-0.12796,54.57,1409,12.56,2007-01-01,80.5114,99.7546,66.4,178736.0,137472.0
2007-04-01,5.25,0.03,,5.204,-1.6088575,230375.0,16713.314,4.32136,3516.7,1428601.0,4.5,2007-04-01,313385,5.6,87.1,-0.14909,63.97,1490,13.73,2007-04-01,80.9348,101.5723,65.9,177844.0,137845.0
2007-07-01,5.07,0.19,,4.703,-2.107455,231802.0,16809.587,4.97602,3525.5,1447212.0,4.7,2007-07-01,315385,4.6,90.4,0.22019,74.18,1354,21.59,2007-07-01,80.7002,101.4953,66.0,178039.0,138044.0
2007-10-01,4.5,0.56,,7.29,-2.6060525,234049.0,16915.191,7.70654,3551.0,1466245.0,4.7,2007-10-01,338308,0.8,80.9,0.44862,86.2,1264,22.03,2007-10-01,80.921,101.6446,65.8,179401.0,138177.0
2008-01-01,3.18,1.27,,8.737,-3.10465,236431.0,16843.003,10.36585,3543.2,1500138.0,5.0,2008-01-01,350692,1.4,78.4,0.86564,92.95,1084,26.12,2008-01-01,80.8616,102.1493,66.2,176853.0,138391.0
2008-04-01,2.08,1.63,,8.038,-4.7678475,229239.0,16943.291,11.3769,3605.1,1514549.0,5.0,2008-04-01,369615,-2.8,62.6,0.77752,112.57,1013,20.67,2008-04-01,79.8024,100.7554,65.9,174146.0,138038.0
2008-07-01,1.94,1.43,,11.413,-6.431045000000001,216587.0,16854.295,17.36151,3557.5,1535732.0,5.8,2008-07-01,431769,0.0,61.2,1.02445,133.44,923,25.07,2008-07-01,77.1346,99.4194,66.1,171238.0,137498.0
2008-10-01,0.51,2.2,,7.805,-8.0942425,182438.0,16485.35,6.6972,3675.3,1514194.0,6.5,2008-10-01,519692,-22.2,57.6,2.40294,76.65,777,58.6,2008-10-01,73.5965,94.4985,66.0,162654.0,136293.0
2009-01-01,0.18,1.71,,-0.241,-9.75744,148747.0,16298.262,-5.41436,3911.3,1447913.0,7.8,2009-01-01,621000,-28.8,61.2,1.9455,41.74,490,45.0,2009-01-01,69.1611,88.3712,65.7,158979.0,134078.0
2009-04-01,0.18,2.0,,-1.233,-9.4683475,147918.0,16269.145,-11.41959,3945.0,1387718.0,9.0,2009-04-01,612615,-19.2,65.1,1.17104,49.79,478,33.02,2009-04-01,67.0458,85.7903,65.7,155777.0,131821.0
2009-07-01,0.15,2.54,,-4.29,-9.179255,156407.0,16326.281,-16.05839,3941.7,1338517.0,9.5,2009-07-01,557846,-1.8,66.0,0.54662,64.09,594,25.49,2009-07-01,68.1689,85.6853,65.5,158582.0,130662.0
2009-10-01,0.12,2.44,,-0.486,-8.8901625,160679.0,16502.754,-6.00858,3920.4,1323656.0,10.0,2009-10-01,503462,10.4,70.6,0.23501,75.82,534,23.07,2009-10-01,69.4594,87.5809,65.0,157801.0,130062.0
2010-01-01,0.13,2.8,,5.555,-8.60107,181205.0,16582.71,6.25,3898.1,1333884.0,9.8,2010-01-01,478692,16.8,74.4,-0.01593,78.22,614,20.15,2010-01-01,71.1892,89.1897,64.8,159109.0,129802.0
2010-04-01,0.19,2.79,,4.694,-8.533529999999999,186182.0,16743.162,9.0479,3935.1,1353657.0,9.9,2010-04-01,462692,19.2,72.2,0.00184,84.48,687,26.39,2010-04-01,73.0524,90.4607,65.2,164423.0,130120.0
2010-07-01,0.19,2.39,,2.879,-8.46599,193728.0,16872.266,6.72464,3970.4,1379915.0,9.4,2010-07-01,462308,10.2,67.8,0.0287,76.37,546,24.28,2010-07-01,74.4518,92.2549,64.6,163068.0,130415.0
2010-10-01,0.19,2.16,,2.526,-8.39845,194573.0,16960.864,6.50685,4003.3,1423474.0,9.4,2010-10-01,432308,13.8,67.7,-0.23131,81.9,543,19.32,2010-10-01,75.0437,92.6033,64.4,165990.0,130621.0
2011-01-01,0.15,2.78,,3.699,-8.33091,204259.0,16920.632,5.93733,3999.0,1462403.0,9.1,2011-01-01,412615,18.6,74.2,-0.3664,89.42,630,18.61,2011-01-01,75.5523,93.3889,64.2,168195.0,130837.0
2011-04-01,0.09,2.72,,6.69,-7.904045,203161.0,17035.114,10.141,4029.8,1502663.0,9.1,2011-04-01,420462,18.8,69.8,-0.32919,110.04,554,17.48,2011-04-01,75.7758,93.6571,64.2,169723.0,131597.0
2011-07-01,0.08,2.6,,7.79,-7.47718,209300.0,17031.313,11.13525,4143.3,1534390.0,9.0,2011-07-01,413231,5.8,63.7,-0.05329,97.19,623,30.58,2011-07-01,76.3717,94.4958,64.0,169904.0,131993.0
2011-10-01,0.07,1.87,,7.715,-7.050314999999999,216722.0,17222.583,7.77063,4224.1,1550732.0,8.8,2011-10-01,389571,2.8,60.8,0.10019,86.41,610,29.94,2011-10-01,76.7905,95.6891,64.1,172041.0,132553.0
2012-01-01,0.1,1.73,,6.655,-6.62345,224884.0,17367.01,4.15153,4279.5,1574265.0,8.3,2012-01-01,369000,6.2,75.0,-0.1068,100.24,723,18.2,2012-01-01,77.1271,96.7595,63.7,173647.0,133245.0
2012-04-01,0.15,1.76,,5.094,-5.9743225,218699.0,17444.525,0.29542,4319.5,1601090.0,8.2,2012-04-01,378231,8.599999999999998,76.4,-0.02194,103.33,753,20.04,2012-04-01,77.1838,97.251,63.7,174633.0,133825.0
2012-07-01,0.14,1.28,,3.195,-5.325195,213267.0,17469.65,-2.19941,4403.4,1624907.0,8.2,2012-07-01,376308,0.0,72.3,-0.05806,87.93,740,16.19,2012-07-01,76.7919,97.6714,63.7,173958.0,134157.0
2012-10-01,0.16,1.47,,4.888,-4.6760675,222261.0,17489.852,1.19344,4439.2,1645122.0,7.8,2012-10-01,374923,1.0,82.6,-0.1424,89.57,915,16.75,2012-10-01,76.825,97.5311,63.8,175089.0,134668.0
2013-01-01,0.14,1.65,,3.837,-4.02694,224944.0,17662.4,0.89686,4531.1,1670363.0,8.0,2013-01-01,352538,5.8,73.8,-0.25261,94.69,888,13.53,2013-01-01,77.1019,98.1736,63.7,178014.0,135257.0
2013-04-01,0.12,1.53,,2.61,-3.7085125,236881.0,17709.671,-0.09818,4573.1,1676141.0,7.6,2013-04-01,346385,0.8,76.4,-0.3519,92.07,835,14.84,2013-04-01,77.2003,98.9445,63.4,177748.0,135873.0
2013-07-01,0.09,2.24,,4.31,-3.390085,227582.0,17860.45,2.14893,4607.8,1679807.0,7.3,2013-07-01,331308,7.599999999999999,85.1,-0.32727,104.61,880,14.28,2013-07-01,77.3187,98.8987,63.3,179691.0,136391.0
2013-10-01,0.09,2.28,,2.031,-3.0716575,237782.0,18016.147,-0.4914,4696.5,1707839.0,7.2,2013-10-01,343000,10.8,73.2,-0.41381,100.54,925,14.23,2013-10-01,77.6804,99.9037,62.8,179499.0,137041.0
2014-01-01,0.07,2.46,,3.609,-2.75323,230634.0,17953.974,0.64198,4725.1,1732857.0,6.6,2014-01-01,327154,4.2,81.2,-0.41649,94.62,888,14.83,2014-01-01,78.0467,99.9899,62.9,178184.0,137561.0
2014-04-01,0.09,2.29,,4.671,-2.6688575,236719.0,18185.911,2.35872,4763.4,1757356.0,6.2,2014-04-01,316462,10.8,84.1,-0.37728,102.07,1043,12.74,2014-04-01,78.9343,101.8273,62.8,183385.0,138297.0
2014-07-01,0.09,2.04,,4.598,-2.584485,257399.0,18406.941,1.76125,4816.2,1774651.0,6.2,2014-07-01,299769,11.2,81.8,-0.3391,103.59,1085,13.07,2014-07-01,79.1531,102.7954,62.9,183727.0,139073.0
2014-10-01,0.1,1.86,,3.761,-2.5001125,228477.0,18500.031,0.44444,4876.2,1786464.0,5.7,2014-10-01,288538,14.6,86.9,-0.22442,84.4,1074,16.07,2014-10-01,79.4029,102.9611,62.9,185428.0,139797.0
2015-01-01,0.11,1.33,,-0.541,-2.41574,224724.0,18666.621,-5.78999,5021.9,1789515.0,5.7,2015-01-01,290692,7.8,98.1,-0.08718,47.22,1085,16.56,2015-01-01,78.3725,102.7923,62.9,185900.0,140568.0
2015-04-01,0.13,1.4,,-0.246,-2.5890625,224601.0,18782.243,-8.35334,5053.6,1804475.0,5.4,2015-04-01,277615,3.2,95.9,-0.10208,54.45,1190,13.74,2015-04-01,77.2233,101.2255,62.8,187586.0,141196.0
2015-07-01,0.13,1.66,,0.536,-2.762385,222791.0,18857.418,-6.77885,5062.0,1820678.0,5.2,2015-07-01,274231,3.8,93.1,0.00102,50.9,1146,19.31,2015-07-01,77.2809,101.0893,62.6,189151.0,141991.0
2015-10-01,0.16,1.43,,0.303,-2.9357075000000004,222280.0,18892.206,-7.81711,5134.4,1829859.0,5.0,2015-10-01,268692,-1.2,90.0,0.08892,46.22,1058,17.03,2015-10-01,76.2696,100.1563,62.5,188106.0,142579.0
2016-01-01,0.36,1.19,,2.905,-3.10903,221765.0,19001.69,-4.89583,5262.3,1822766.0,4.8,2016-01-01,270615,-3.6,92.0,0.23246,31.68,1092,20.49,2016-01-01,75.7657,99.4391,62.7,188354.0,143210.0
2016-04-01,0.37,1.04,,2.77,-3.1800375,220157.0,19062.709,-4.03353,5317.3,1829532.0,5.1,2016-04-01,268385,1.6,89.0,0.15831,40.75,1163,15.68,2016-04-01,75.4606,98.4775,62.9,189272.0,143855.0
2016-07-01,0.39,0.83,,2.067,-3.2510450000000004,216896.0,19197.938,-3.19752,5368.4,1836873.0,4.8,2016-07-01,258231,5.2,90.0,0.15067,44.65,1239,13.23,2016-07-01,75.5924,98.8452,62.8,190743.0,144520.0
2016-10-01,0.45,0.92,,4.008,-3.3220525000000003,222707.0,19304.352,-0.42667,5422.1,1841542.0,4.9,2016-10-01,251643,3.8,87.2,0.10003,49.78,1313,14.1,2016-10-01,75.5083,98.7237,62.8,191366.0,145066.0
2017-01-01,0.7,1.23,,5.966,-3.39306,221598.0,19398.343,4.43593,5459.7,1861290.0,4.7,2017-01-01,236000,12.0,98.5,-0.01283,52.5,1190,11.69,2017-01-01,75.5882,98.8158,62.8,194317.0,145628.0
2017-04-01,0.95,1.06,,5.201,-3.4876875000000003,228050.0,19506.949,5.34934,5522.1,1866023.0,4.4,2017-04-01,237462,9.6,97.0,-0.03201,51.06,1146,11.43,2017-04-01,76.799,100.0416,63.0,194165.0,146174.0
2017-07-01,1.15,0.95,,4.142,-3.5823150000000004,222762.0,19660.766,3.09004,5574.5,1885696.0,4.3,2017-07-01,257643,12.6,93.4,-0.07822,46.63,1206,10.94,2017-07-01,76.7608,100.0865,62.9,193920.0,146772.0
2017-10-01,1.2,0.81,,4.885,-3.6769425,232689.0,19882.352,4.39207,5588.3,1900768.0,4.2,2017-10-01,244077,17.4,100.7,-0.10846,51.58,1257,10.31,2017-10-01,78.1129,100.9893,62.7,196605.0,147150.0
2018-01-01,1.45,0.55,,5.241,-3.77157,235219.0,20044.077,3.77556,5578.7,1925945.0,4.0,2018-01-01,227231,18.2,95.7,-0.08708,63.7,1299,17.35,2018-01-01,78.7564,101.4852,62.7,197492.0,147660.0
2018-04-01,1.74,0.48,,6.034,-3.9702625,241297.0,20150.476,3.78238,5592.5,1939183.0,4.0,2018-04-01,221846,14.6,98.8,-0.06554,66.25,1276,15.34,2018-04-01,79.7734,103.3551,62.9,197759.0,148422.0
2018-07-01,1.93,0.28,,6.971,-4.168955,240537.0,20276.154,5.5814,5630.3,1956703.0,3.8,2018-07-01,207538,16.2,97.9,-0.09563,70.98,1208,12.86,2018-07-01,80.4004,103.3561,63.0,199980.0,149020.0
2018-10-01,2.22,0.29,,6.146,-4.3676475,236051.0,20304.874,4.97691,5634.1,1988115.0,3.8,2018-10-01,221231,15.4,98.6,-0.02061,70.75,1221,21.05,2018-10-01,80.3809,103.9297,62.9,200095.0,149526.0
2019-01-01,2.4,0.17,,3.702,-4.56634,232531.0,20431.641,0.60637,5719.8,2016358.0,4.0,2019-01-01,218462,13.2,91.2,-0.03527,51.38,1226,16.47,2019-01-01,79.4163,103.3598,63.1,198560.0,150059.0
2019-04-01,2.4,0.19,,5.006,-7.09203,222869.0,20602.275,0.89865,5702.4,2033324.0,3.7,2019-04-01,218385,5.6,97.2,-0.05998,63.86,1272,15.18,2019-04-01,78.7309,102.2748,62.8,200016.0,150593.0
2019-07-01,2.19,0.22,,4.588,-9.61772,224338.0,20843.322,-1.76211,5806.6,2046137.0,3.7,2019-07-01,209769,2.4,98.4,-0.00717,57.35,1240,15.96,2019-07-01,78.5013,102.0057,63.1,202685.0,150936.0
2019-10-01,1.65,0.16,,4.383,-12.14341,217413.0,20985.448,-2.93255,5898.1,2045691.0,3.6,2019-10-01,224231,-3.4,95.5,-0.03396,53.96,1325,13.99,2019-10-01,77.9124,101.5878,63.3,201908.0,151460.0
2020-01-01,1.25,0.24,,6.566,-14.6691,222168.0,20693.238,0.10045,5949.5,2036248.0,3.6,2020-01-01,865692,1.8,99.8,0.12066,57.52,1578,31.22,2020-01-01,76.539,101.3372,63.3,202590.0,152031.0
2020-04-01,0.06,0.43,,0.799,-13.9317375,179167.0,19056.617,-8.21376,6642.1,1987957.0,14.8,2020-04-01,2729308,-17.0,71.8,0.48112,16.55,931,34.49,2020-04-01,66.8603,84.6812,60.1,158936.0,130424.0
2020-07-01,0.09,0.48,,2.55,-13.194375,221904.0,20548.793,-3.83657,7082.6,1922510.0,10.2,2020-07-01,1042538,7.599999999999999,72.5,0.01999,40.71,1523,25.81,2020-07-01,73.3269,95.0037,61.5,207562.0,139255.0
2020-10-01,0.09,0.64,,3.164,-12.4570125,232245.0,20771.691,-1.0574,7203.2,1967170.0,6.9,2020-10-01,794538,17.4,81.8,-0.05674,39.4,1543,25.62,2020-10-01,74.9612,96.5256,61.7,211216.0,142461.0
2021-01-01,0.08,0.95,,3.512,-11.71965,246963.0,21058.379,2.75966,7371.2,2009735.0,6.4,2021-01-01,756615,18.6,79.0,-0.14407,52.0,1639,23.2,2021-01-01,75.6483,98.8135,61.4,216756.0,142913.0
2021-04-01,0.07,1.47,,10.593,-10.1123875,248321.0,21389.005,17.46631,7561.4,2030487.0,6.1,2021-04-01,487769,22.0,88.3,-0.19021,61.72,1492,18.0,2021-04-01,77.3425,98.3317,61.6,232706.0,144611.0
2021-07-01,0.09,1.1,,13.613,-8.505125,255090.0,21571.421,20.12953,7585.1,2090771.0,5.4,2021-07-01,362462,20.0,81.2,-0.15501,72.49,1600,18.29,2021-07-01,78.2702,100.0668,61.8,225150.0,146759.0
2021-10-01,0.08,1.19,,16.209,-6.8978625000000005,262801.0,21960.388,22.37405,7645.8,2166413.0,4.5,2021-10-01,248846,20.8,71.7,-0.1173,81.48,1587,19.28,2021-10-01,79.5295,100.3542,61.8,228106.0,148569.0
2022-01-01,0.12,0.78,,19.903,-5.2906,272377.0,21903.85,20.33838,7639.9,2294357.0,4.0,2022-01-01,225077,15.2,67.2,-0.00414,83.22,1712,25.37,2022-01-01,80.401,101.2146,62.2,228065.0,150006.0
2022-04-01,0.77,0.21,,21.957,-5.4968075,272220.0,21919.222,21.75769,7536.7,2408435.0,3.7,2022-04-01,212308,11.8,65.2,0.13189,101.78,1828,27.4,2022-04-01,81.0732,102.9024,62.2,233147.0,151651.0
2022-07-01,2.18,-0.14,,22.975,-5.703015000000001,274943.0,22066.784,17.43541,7337.7,2493530.0,3.5,2022-07-01,211385,5.4,51.5,0.18979,101.62,1392,24.79,2022-07-01,81.0209,103.0505,62.1,227527.0,153049.0
2022-10-01,3.65,-0.39,,21.451,-5.9092225,277106.0,22249.459,10.22852,7190.0,2520491.0,3.6,2022-10-01,206786,0.4,59.9,0.19939,87.55,1440,25.0,2022-10-01,80.1648,103.4442,62.2,228791.0,153913.0
2023-01-01,4.51,-0.68,,17.914,-6.11543,278625.0,22403.435,5.5889,7057.6,2527240.0,3.5,2023-01-01,215750,-5.2,64.9,0.14284,78.12,1361,20.68,2023-01-01,79.5997,102.7476,62.4,230924.0,154780.0
2023-04-01,4.99,-0.56,,14.276,-6.1565775,289636.0,22539.418,-3.16686,6844.8,2520942.0,3.4,2023-04-01,230385,-6.0,63.7,0.1555,79.45,1368,16.44,2023-04-01,79.1282,103.2241,62.6,225749.0,155387.0
2023-07-01,5.26,-0.93,,9.675,-6.197725,287342.0,22780.933,-6.77222,6819.2,2511946.0,3.5,2023-07-01,232071,-7.0,71.5,0.09629,76.07,1473,15.01,2023-07-01,78.9305,103.0722,62.6,226726.0,156019.0
2023-10-01,5.33,-0.27,,9.674,-6.2388725,289019.0,22960.6,-3.72329,6724.2,2526532.0,3.9,2023-10-01,211538,-6.2,63.8,0.07979,85.64,1365,15.29,2023-10-01,78.2766,102.5781,62.7,227323.0,156520.0
2024-01-01,5.33,-0.26,,9.338,-6.28002,279500.0,23053.545,-3.42816,6705.5,2533439.0,3.7,2024-01-01,212154,-1.8,79.0,-0.01606,74.15,1376,13.71,2024-01-01,77.7036,101.483,62.5,224062.0,157049.0
2024-04-01,5.33,-0.33,,10.158,,276422.0,23223.906,0.02725,6687.5,2546223.0,3.9,2024-04-01,223615,-2.4000000000000097,77.2,-0.04506,85.35,1377,13.98,2024-04-01,77.9731,102.3568,62.7,224487.0,157635.0
2024-07-01,5.26,-0.25,,8.951,,287427.0,23400.294,1.37333,6728.5,2574892.0,4.2,2024-07-01,230769,-6.0,66.4,-0.03644,81.8,1262,17.07,2024-07-01,77.631,102.5192,62.7,226699.0,158003.0
2024-10-01,4.65,0.12,,7.911,,282571.0,23542.349,-0.82722,6761.1,2585582.0,4.1,2024-10-01,225462,-6.2,70.5,-0.0851,71.99,1344,17.36,2024-10-01,77.1891,102.2669,62.5,228287.0,158358.0
2025-01-01,4.33,0.36,,9.292,,,,2.34614,6762.2,2591890.0,4.0,2025-01-01,221167,1.8,71.7,-0.11521,75.74,1350,18.52,,,,,,
